query_uuid,cf_index,sigma,proximity,geometric_instability,intervention_instability,is_pareto_optimal
581debd9-1fb8-4179-83b7-81a8db9cd9ee,0,0.05,2.0,1.0916670560836792,0.25,True
581debd9-1fb8-4179-83b7-81a8db9cd9ee,1,0.05,2.0,3.0916669368743896,0.5,False
581debd9-1fb8-4179-83b7-81a8db9cd9ee,2,0.05,2.0,2.0916669368743896,0.5,False
581debd9-1fb8-4179-83b7-81a8db9cd9ee,3,0.05,2.0,3.0916671752929688,0.5,False
581debd9-1fb8-4179-83b7-81a8db9cd9ee,4,0.05,2.0,2.0916671752929688,9.99999993922529e-09,True
581debd9-1fb8-4179-83b7-81a8db9cd9ee,5,0.05,2.0,2.0916671752929688,0.5,False
c523ab4d-aded-4049-8740-1a5c5ce76ee0,0,0.05,6.0,1.0437304973602295,3.33333316504536e-09,True
c523ab4d-aded-4049-8740-1a5c5ce76ee0,1,0.05,6.0,2.0437304973602295,3.33333316504536e-09,False
c523ab4d-aded-4049-8740-1a5c5ce76ee0,2,0.05,8.0,4.039694309234619,0.30000001192092896,False
