query_uuid,cf_index,sigma,proximity,geometric_instability,intervention_instability,is_pareto_optimal
5fb4e0fe-ddbe-4e6b-88d6-460f14a09bd9,0,0.05,2.0,0.1886810064315796,9.99999993922529e-09,True
5fb4e0fe-ddbe-4e6b-88d6-460f14a09bd9,1,0.05,2.0,2.18868088722229,0.5,False
4e81b0b7-358c-4b97-aa79-2d37b5ba7977,0,0.05,8.0,8.159330368041992,0.6499999761581421,False
4e81b0b7-358c-4b97-aa79-2d37b5ba7977,1,0.05,4.0,3.1593308448791504,0.3333333432674408,False
4e81b0b7-358c-4b97-aa79-2d37b5ba7977,2,0.05,4.0,3.1593308448791504,0.3333333432674408,False
4e81b0b7-358c-4b97-aa79-2d37b5ba7977,3,0.05,4.0,1.1593307256698608,4.999999969612645e-09,False
4e81b0b7-358c-4b97-aa79-2d37b5ba7977,4,0.05,4.0,0.159330815076828,4.999999969612645e-09,True
