,query_uuid,sigma,proximity,geometric_instability,intervention_instability
0,2ac0f02d-d809-4eb6-a497-83105bcb8084,0.05,8.868593215942383,2.091341972351074,1.6666666935449825e-09
1,5bab4ba4-f360-48e7-969d-dc1d2a73845f,0.05,10.589739322662354,3.500005006790161,0.09375000071428569
