,query_uuid,sigma,proximity,geometric_instability,intervention_instability
0,2ac0f02d-d809-4eb6-a497-83105bcb8084,0.05,9.049184608459473,2.748676061630249,1.6666666935449825e-09
1,5bab4ba4-f360-48e7-969d-dc1d2a73845f,0.05,11.589739561080933,3.7500044107437134,0.07812500035714284
