,,proximity,proximity,proximity,proximity,proximity,proximity,proximity,proximity,geometric_instability,geometric_instability,geometric_instability,geometric_instability,geometric_instability,geometric_instability,geometric_instability,geometric_instability,intervention_instability,intervention_instability,intervention_instability,intervention_instability,intervention_instability,intervention_instability,intervention_instability,intervention_instability
,,count,mean,std,min,25%,50%,75%,max,count,mean,std,min,25%,50%,75%,max,count,mean,std,min,25%,50%,75%,max
query_uuid,sigma,,,,,,,,,,,,,,,,,,,,,,,,
2ac0f02d-d809-4eb6-a497-83105bcb8084,0.05,5.0,9.049184608459473,0.1788475954065404,8.777318954467773,8.959867477416992,9.128180503845215,9.189207077026367,9.191349029541016,5.0,2.748676061630249,0.9488668424492093,2.0235180854797363,2.1381680965423584,2.159165859222412,3.2101926803588867,4.212335586547852,5.0,1.6666666935449825e-09,0.0,1.6666666935449825e-09,1.6666666935449825e-09,1.6666666935449825e-09,1.6666666935449825e-09,1.6666666935449825e-09
5bab4ba4-f360-48e7-969d-dc1d2a73845f,0.05,4.0,11.589739561080933,1.1547008136813788,10.589738845825195,10.589739561080933,11.589739799499512,12.589739799499512,12.589739799499512,4.0,3.7500044107437134,1.2583053918395122,2.0000052452087402,3.5000041723251343,4.000003814697266,4.250004053115845,5.000004768371582,4.0,0.07812500035714284,0.07864410822768973,1.4285713723083404e-09,0.04687500035714284,0.0625,0.09375,0.1875
