,query_uuid,sigma,proximity,geometric_instability,intervention_instability
0,1f21371d-85fc-481e-bbfa-9285f9a0ffdc,0.05,3.233076572418213,0.11156984487701038,0.08333333831686007
1,aa537546-9a22-431e-8267-649e4943ec91,0.05,3.1451523303985596,5.978910446166992,0.6000000238418579
