,query_uuid,sigma,proximity,geometric_instability,intervention_instability
0,1f21371d-85fc-481e-bbfa-9285f9a0ffdc,0.05,3.255390167236328,0.08925646639249862,0.06666667132015469
1,aa537546-9a22-431e-8267-649e4943ec91,0.05,3.1451567808787027,5.978914896647136,0.6000000238418579
