,,proximity,proximity,proximity,proximity,proximity,proximity,proximity,proximity,geometric_instability,geometric_instability,geometric_instability,geometric_instability,geometric_instability,geometric_instability,geometric_instability,geometric_instability,intervention_instability,intervention_instability,intervention_instability,intervention_instability,intervention_instability,intervention_instability,intervention_instability,intervention_instability
,,count,mean,std,min,25%,50%,75%,max,count,mean,std,min,25%,50%,75%,max,count,mean,std,min,25%,50%,75%,max
query_uuid,sigma,,,,,,,,,,,,,,,,,,,,,,,,
1f21371d-85fc-481e-bbfa-9285f9a0ffdc,0.05,5.0,3.255390167236328,0.16082003487013932,2.9736838340759277,3.2693305015563965,3.3446428775787354,3.344644546508789,3.344649076461792,5.0,0.08925646639249862,0.1608184225522433,1.7292729808104923e-06,2.892849806812592e-06,2.9524544515879825e-06,0.07531440258026123,0.3709603548049927,5.0,0.06666667132015469,0.14907120145194197,3.33333316504536e-09,3.33333316504536e-09,3.33333316504536e-09,3.33333316504536e-09,0.3333333432674408
aa537546-9a22-431e-8267-649e4943ec91,0.05,3.0,3.1451567808787027,3.970462798053994e-06,3.1451523303985596,3.145155191421509,3.145158052444458,3.1451590061187744,3.145159959793091,3.0,5.978914896647136,3.970462798053995e-06,5.978910446166992,5.978913307189941,5.978916168212891,5.978917121887207,5.978918075561523,3.0,0.6000000238418579,0.0,0.6000000238418579,0.6000000238418579,0.6000000238418579,0.6000000238418579,0.6000000238418579
