,,proximity,proximity,proximity,proximity,proximity,proximity,proximity,proximity,geometric_instability,geometric_instability,geometric_instability,geometric_instability,geometric_instability,geometric_instability,geometric_instability,geometric_instability,intervention_instability,intervention_instability,intervention_instability,intervention_instability,intervention_instability,intervention_instability,intervention_instability,intervention_instability
,,count,mean,std,min,25%,50%,75%,max,count,mean,std,min,25%,50%,75%,max,count,mean,std,min,25%,50%,75%,max
query_uuid,sigma,,,,,,,,,,,,,,,,,,,,,,,,
25c60173-1484-40ab-bc1b-7e2e911a7106,0.05,6.0,7.259511073430379,1.9027014312655506,5.406445026397705,5.584164142608643,7.172752618789673,8.4564368724823,9.86614990234375,6.0,3.970879634221395,1.529602664616796,2.3038341999053955,2.5651400685310364,4.189503192901611,5.289977431297302,5.461949348449707,6.0,0.391013503074646,0.03655590581107962,0.3511904776096344,0.3597470298409462,0.3930288553237915,0.40960080921649933,0.44505494832992554
49365f4b-c41c-4be6-b43d-1133c752e71a,0.05,6.0,6.4210396607716875,0.8512637815930921,5.803302764892578,5.915695548057556,6.145856142044067,6.418694972991943,8.082606315612793,6.0,3.5108104149500527,0.8915921995037944,2.994164228439331,3.0856250524520874,3.186229705810547,3.294337034225464,5.3157758712768555,6.0,0.3550279686848323,0.09864109271525535,0.2321428656578064,0.3149350881576538,0.3248782604932785,0.396205373108387,0.5166666507720947
