,query_uuid,sigma,proximity,geometric_instability,intervention_instability
0,4ce5d8d7-bde7-4977-8a0f-fe14f3e07783,0.05,15.555665334065756,10.25653044382731,0.3437003990014394
1,a6a3e4eb-e25a-45b5-8f11-259853c43e49,0.05,18.641769027709962,9.637688636779785,0.15813644379377365
