,query_uuid,sigma,proximity,geometric_instability,intervention_instability
0,4ce5d8d7-bde7-4977-8a0f-fe14f3e07783,0.05,14.406333446502686,9.655282735824585,0.35513393580913544
1,a6a3e4eb-e25a-45b5-8f11-259853c43e49,0.05,17.777658462524414,9.009991327921549,0.1566162978609403
