,,proximity,proximity,proximity,proximity,proximity,proximity,proximity,proximity,geometric_instability,geometric_instability,geometric_instability,geometric_instability,geometric_instability,geometric_instability,geometric_instability,geometric_instability,intervention_instability,intervention_instability,intervention_instability,intervention_instability,intervention_instability,intervention_instability,intervention_instability,intervention_instability
,,count,mean,std,min,25%,50%,75%,max,count,mean,std,min,25%,50%,75%,max,count,mean,std,min,25%,50%,75%,max
query_uuid,sigma,,,,,,,,,,,,,,,,,,,,,,,,
4ce5d8d7-bde7-4977-8a0f-fe14f3e07783,0.05,6.0,15.555665334065756,3.115319918725035,11.455608367919922,12.995469093322754,17.25880527496338,17.76285743713379,17.855541229248047,6.0,10.25653044382731,1.9148960005710378,7.780463695526123,8.694927334785461,11.42921781539917,11.45963168144226,11.647016525268555,6.0,0.3437003990014394,0.08843892972907566,0.2562499940395355,0.2802083417773247,0.32083332538604736,0.3909226208925247,0.4833333492279053
a6a3e4eb-e25a-45b5-8f11-259853c43e49,0.05,5.0,18.641769027709962,1.7919565710942142,16.480907440185547,18.09197235107422,18.43814468383789,18.760095596313477,21.437725067138672,5.0,9.637688636779785,1.4734018034087666,7.856860160827637,8.220802307128906,10.53749942779541,10.620969772338867,10.952311515808105,5.0,0.15813644379377365,0.07684631335856854,0.06904762238264084,0.12916666269302368,0.12916666269302368,0.19166666269302368,0.27163460850715637
