,sigma,proximity,geometric_instability,intervention_instability
0,0.05,16.958439740267668,9.975238713351162,0.25935314663431863
