,sigma,proximity,geometric_instability,intervention_instability
0,0.05,7.654570460319519,3.875919669866562,0.1994047669914516
