,,proximity,proximity,proximity,proximity,proximity,proximity,proximity,proximity,geometric_instability,geometric_instability,geometric_instability,geometric_instability,geometric_instability,geometric_instability,geometric_instability,geometric_instability,intervention_instability,intervention_instability,intervention_instability,intervention_instability,intervention_instability,intervention_instability,intervention_instability,intervention_instability
,,count,mean,std,min,25%,50%,75%,max,count,mean,std,min,25%,50%,75%,max,count,mean,std,min,25%,50%,75%,max
query_uuid,sigma,,,,,,,,,,,,,,,,,,,,,,,,
24d349f7-1b38-475e-8f9e-e108418e305b,0.05,3.0,8.054731210072836,1.0546536633638048,7.35292911529541,7.448322534561157,7.543715953826904,8.405632257461548,9.267548561096191,3.0,2.6825851599375405,1.6307163505744706,1.2263054847717285,1.801632046699524,2.3769586086273193,3.4107249975204468,4.444491386413574,3.0,0.10317460751458063,0.09014140451545354,1.6666666935449825e-09,0.07142857545501075,0.1428571492433548,0.1547619104385376,0.1666666716337204
752782c0-e2ac-4af1-9d14-04766cad3671,0.05,5.0,7.414474010467529,2.5267826080106373,4.7943267822265625,4.884215354919434,7.619492053985596,9.868753433227539,9.905582427978516,5.0,4.591920375823975,0.897181700337188,3.5058579444885254,4.195583343505859,4.211766242980957,5.47816801071167,5.568226337432861,5.0,0.25714286267757414,0.15739517798927274,0.1428571492433548,0.1428571492433548,0.1666666716337204,0.3333333432674408,0.5
