,query_uuid,sigma,proximity,geometric_instability,intervention_instability
0,24d349f7-1b38-475e-8f9e-e108418e305b,0.05,7.35292911529541,1.2263054847717285,1.6666666935449825e-09
1,752782c0-e2ac-4af1-9d14-04766cad3671,0.05,7.414474010467529,4.591920375823975,0.25714286267757414
