,sigma,proximity,geometric_instability,intervention_instability
0,0.03,4.787764390309651,1.1510214577946398,0.2333333396641681
1,0.05,4.787764390309651,1.5368299467696085,0.3123456852303611
