,,proximity,proximity,proximity,proximity,proximity,proximity,proximity,proximity,geometric_instability,geometric_instability,geometric_instability,geometric_instability,geometric_instability,geometric_instability,geometric_instability,geometric_instability,intervention_instability,intervention_instability,intervention_instability,intervention_instability,intervention_instability,intervention_instability,intervention_instability,intervention_instability
,,count,mean,std,min,25%,50%,75%,max,count,mean,std,min,25%,50%,75%,max,count,mean,std,min,25%,50%,75%,max
query_uuid,sigma,,,,,,,,,,,,,,,,,,,,,,,,
e5d79a59-80d5-45fc-8226-bd61733d8ee0,0.05,2.0,6.11979341506958,0.1356096767199241,6.023902893066406,6.071848154067993,6.11979341506958,6.167738676071167,6.215683937072754,2.0,2.6638944149017334,0.6707333765720698,2.1896142959594727,2.426754355430603,2.6638944149017334,2.9010344743728638,3.138174533843994,2.0,0.4416666775941849,0.12963626710074788,0.3499999940395355,0.3958333358168602,0.4416666775941849,0.48750001937150955,0.5333333611488342
e945f208-4c17-4e1d-aee8-1c8a76de0b04,0.05,2.0,4.143835783004761,0.06780483835996205,4.095890522003174,4.119863152503967,4.143835783004761,4.167808413505554,4.191781044006348,2.0,1.6195834279060364,0.7434801015073282,1.093863606452942,1.3567235171794891,1.6195834279060364,1.8824433386325836,2.145303249359131,2.0,0.2916666716337204,0.05892557212335371,0.25,0.2708333358168602,0.2916666716337204,0.3125000074505806,0.3333333432674408
