,query_uuid,sigma,proximity,geometric_instability,intervention_instability
0,1958781a-acfc-4cb6-9ad9-cb35b6ca0733,0.05,2.241962432861328,0.08200538158416748,0.2222222238779068
1,454c93ae-5392-4133-9514-097e5a34d6d0,0.03,5.061224460601807,0.7167085334658623,0.12500000166666647
2,7411dc39-9dce-4840-9e89-56aa435c58ce,0.05,6.040816307067871,2.3200075030326843,0.38148148854573566
3,8bb72074-e641-41c6-82dc-6396122d56aa,0.05,4.8537882169087725,1.7359518806139629,0.25
4,9c440304-52fe-472b-b921-d36eacbd739c,0.03,3.141529083251953,0.0841487217694521,0.1388888917863369
5,d4c404ed-bc96-4ec2-9b85-e4e3fbd72f4f,0.03,4.280682325363159,2.1942735612392426,0.3083333484828472
