,query_uuid,sigma,proximity,geometric_instability,intervention_instability
0,e5d79a59-80d5-45fc-8226-bd61733d8ee0,0.05,6.11979341506958,2.6638944149017334,0.4416666775941849
1,e945f208-4c17-4e1d-aee8-1c8a76de0b04,0.05,4.095890522003174,1.093863606452942,0.25
