,sigma,proximity,geometric_instability,intervention_instability
0,0.03,2.0209590673446653,0.8969172701239586,0.30033333829751496
1,0.05,2.0209590673446653,1.0941133278608322,0.35400000626908074
2,0.07,2.0209590673446653,1.2487572613358497,0.399444452326162
