,,proximity,proximity,proximity,proximity,proximity,proximity,proximity,proximity,geometric_instability,geometric_instability,geometric_instability,geometric_instability,geometric_instability,geometric_instability,geometric_instability,geometric_instability,intervention_instability,intervention_instability,intervention_instability,intervention_instability,intervention_instability,intervention_instability,intervention_instability,intervention_instability
,,count,mean,std,min,25%,50%,75%,max,count,mean,std,min,25%,50%,75%,max,count,mean,std,min,25%,50%,75%,max
query_uuid,sigma,,,,,,,,,,,,,,,,,,,,,,,,
721fff41-affb-4e84-825d-8a0b70e27592,0.05,2.0,1.293590858578682,1.365772566725857,0.3278438150882721,0.810717336833477,1.293590858578682,1.7764643803238869,2.259337902069092,2.0,0.05186760425567627,0.016627205692063017,0.04011039435863495,0.04598899930715561,0.05186760425567627,0.05774620920419693,0.06362481415271759,2.0,6.666666552135325e-09,4.714045283933675e-09,3.33333316504536e-09,4.999999858590343e-09,6.666666552135325e-09,8.333333245680308e-09,9.99999993922529e-09
aca9c13c-91a1-41dc-8491-0075b46b9640,0.05,2.0,1.2220288291573524,1.4022683341782738,0.23047538101673126,0.7262521050870419,1.2220288291573524,1.717805553227663,2.2135822772979736,2.0,0.037818342447280884,0.03673593073194418,0.011842116713523865,0.024830229580402374,0.037818342447280884,0.05080645531415939,0.0637945681810379,2.0,0.25,0.0,0.25,0.25,0.25,0.25,0.25
