,sigma,proximity,geometric_instability,intervention_instability
0,0.05,1.2578098438680172,0.04484297335147858,0.12500000333333328
