,query_uuid,sigma,proximity,geometric_instability,intervention_instability
0,721fff41-affb-4e84-825d-8a0b70e27592,0.05,1.293590858578682,0.05186760425567627,6.666666552135325e-09
1,aca9c13c-91a1-41dc-8491-0075b46b9640,0.05,1.2220288291573524,0.037818342447280884,0.25
