,query_uuid,sigma,proximity,geometric_instability,intervention_instability
0,392a5495-11fd-461c-b4f0-37e734b84133,0.05,4.833939790725708,4.41525673866272,0.6940476298332214
1,63a809f4-31fd-409d-8321-32765d2482b4,0.05,10.219063758850098,5.042215347290039,0.4934343695640564
