,sigma,proximity,geometric_instability,intervention_instability
0,0.05,7.526501774787903,4.728736042976379,0.5937409996986389
