,,proximity,proximity,proximity,proximity,proximity,proximity,proximity,proximity,geometric_instability,geometric_instability,geometric_instability,geometric_instability,geometric_instability,geometric_instability,geometric_instability,geometric_instability,intervention_instability,intervention_instability,intervention_instability,intervention_instability,intervention_instability,intervention_instability,intervention_instability,intervention_instability
,,count,mean,std,min,25%,50%,75%,max,count,mean,std,min,25%,50%,75%,max,count,mean,std,min,25%,50%,75%,max
query_uuid,sigma,,,,,,,,,,,,,,,,,,,,,,,,
392a5495-11fd-461c-b4f0-37e734b84133,0.05,2.0,4.833939790725708,1.1779245054547116,4.001021385192871,4.4174805879592896,4.833939790725708,5.2503989934921265,5.666858196258545,2.0,4.41525673866272,0.7076256931854137,3.9148898124694824,4.165073275566101,4.41525673866272,4.665440201759338,4.915623664855957,2.0,0.6940476298332214,0.17340949927540453,0.5714285969734192,0.6327381134033203,0.6940476298332214,0.7553571462631226,0.8166666626930237
63a809f4-31fd-409d-8321-32765d2482b4,0.05,2.0,10.219063758850098,0.28012616264195844,10.020984649658203,10.12002420425415,10.219063758850098,10.318103313446045,10.417142868041992,2.0,5.042215347290039,0.8067621615535863,4.471748352050781,4.75698184967041,5.042215347290039,5.327448844909668,5.612682342529297,2.0,0.4934343695640564,0.11927962738328715,0.40909093618392944,0.4512626528739929,0.4934343695640564,0.5356060862541199,0.5777778029441833
