,,proximity,proximity,proximity,proximity,proximity,proximity,proximity,proximity,geometric_instability,geometric_instability,geometric_instability,geometric_instability,geometric_instability,geometric_instability,geometric_instability,geometric_instability,intervention_instability,intervention_instability,intervention_instability,intervention_instability,intervention_instability,intervention_instability,intervention_instability,intervention_instability
,,count,mean,std,min,25%,50%,75%,max,count,mean,std,min,25%,50%,75%,max,count,mean,std,min,25%,50%,75%,max
query_uuid,sigma,,,,,,,,,,,,,,,,,,,,,,,,
07596d6e-236f-414b-a62b-a75d4201c647,0.05,2.0,2.4150326251983643,0.0280600230394009,2.395191192626953,2.4051119089126587,2.4150326251983643,2.42495334148407,2.4348740577697754,2.0,0.5366221815347672,0.25995828450019226,0.35280391573905945,0.4447130486369133,0.5366221815347672,0.628531314432621,0.7204404473304749,2.0,0.30000001192092896,0.04714044926931327,0.2666666805744171,0.28333334624767303,0.30000001192092896,0.3166666775941849,0.3333333432674408
cec1293f-20a7-431b-86af-12b1cbd0de88,0.05,2.0,2.2894859313964844,0.1843004135180136,2.159165859222412,2.2243258953094482,2.2894859313964844,2.3546459674835205,2.4198060035705566,2.0,0.961371898651123,0.02011803949340207,0.9471462965011597,0.9542590975761414,0.961371898651123,0.9684846997261047,0.9755975008010864,2.0,0.4303571432828903,0.027779177514348555,0.4107142984867096,0.42053572088479996,0.4303571432828903,0.4401785656809807,0.44999998807907104
