,query_uuid,sigma,proximity,geometric_instability,intervention_instability
0,07596d6e-236f-414b-a62b-a75d4201c647,0.05,2.395191192626953,0.35280391573905945,0.2666666805744171
1,cec1293f-20a7-431b-86af-12b1cbd0de88,0.05,2.159165859222412,0.9471462965011597,0.4107142984867096
