,dataset,sigma,proximity,geometric_instability,intervention_instability
0,heloc,0.03,1.106854082942009,0.29258358776569365,0.45421477541327476
1,heloc,0.05,1.106854082942009,0.4218231758475304,0.5572304052114486
2,heloc,0.07,1.106854082942009,0.469538993537426,0.5436385381221771
