,query_uuid,sigma,proximity,geometric_instability,intervention_instability
0,07596d6e-236f-414b-a62b-a75d4201c647,0.05,2.4150326251983643,0.5366221815347672,0.30000001192092896
1,cec1293f-20a7-431b-86af-12b1cbd0de88,0.05,2.2894859313964844,0.961371898651123,0.4303571432828903
