,,proximity,proximity,proximity,proximity,proximity,proximity,proximity,proximity,geometric_instability,geometric_instability,geometric_instability,geometric_instability,geometric_instability,geometric_instability,geometric_instability,geometric_instability,intervention_instability,intervention_instability,intervention_instability,intervention_instability,intervention_instability,intervention_instability,intervention_instability,intervention_instability
,,count,mean,std,min,25%,50%,75%,max,count,mean,std,min,25%,50%,75%,max,count,mean,std,min,25%,50%,75%,max
query_uuid,sigma,,,,,,,,,,,,,,,,,,,,,,,,
6dd75045-a27f-4149-97b1-21f66ad8a33c,0.05,2.0,2.2731985449790955,2.464419376967183,0.5305908918380737,1.4018947184085846,2.2731985449790955,3.1445023715496063,4.015806198120117,2.0,2.431068003177643,2.7853259872913125,0.46154510974884033,1.4463065564632416,2.431068003177643,3.415829449892044,4.400590896606445,2.0,0.45000001788139343,0.21213204278533396,0.30000001192092896,0.3750000149011612,0.45000001788139343,0.5250000208616257,0.6000000238418579
b1081d7f-be66-4d74-8153-bf1e92f4b62b,0.05,2.0,3.541349411010742,1.5979508939950031,2.4114274978637695,2.976388454437256,3.541349411010742,4.1063103675842285,4.671271324157715,2.0,0.8645285442471504,1.0262472594339642,0.13886214792728424,0.5016953460872173,0.8645285442471504,1.2273617424070835,1.5901949405670166,2.0,0.32083334028720856,0.13552881799105596,0.22499999403953552,0.27291666716337204,0.32083334028720856,0.3687500134110451,0.4166666865348816
