,query_uuid,sigma,proximity,geometric_instability,intervention_instability
0,6dd75045-a27f-4149-97b1-21f66ad8a33c,0.05,2.2731985449790955,2.431068003177643,0.45000001788139343
1,b1081d7f-be66-4d74-8153-bf1e92f4b62b,0.05,3.541349411010742,0.8645285442471504,0.32083334028720856
