,sigma,proximity,geometric_instability,intervention_instability
0,0.05,2.907273977994919,1.6477982737123966,0.385416679084301
