,sigma,proximity,geometric_instability,intervention_instability
0,0.05,2.212328791618347,2.0601111575961113,0.5000000025
