,,proximity,proximity,proximity,proximity,proximity,proximity,proximity,proximity,geometric_instability,geometric_instability,geometric_instability,geometric_instability,geometric_instability,geometric_instability,geometric_instability,geometric_instability,intervention_instability,intervention_instability,intervention_instability,intervention_instability,intervention_instability,intervention_instability,intervention_instability,intervention_instability
,,count,mean,std,min,25%,50%,75%,max,count,mean,std,min,25%,50%,75%,max,count,mean,std,min,25%,50%,75%,max
query_uuid,sigma,,,,,,,,,,,,,,,,,,,,,,,,
80d1b005-3811-489d-8fbc-4cb4f82b0edc,0.05,1.0,2.0,,2.0,2.0,2.0,2.0,2.0,1.0,4.091667175292969,,4.091667175292969,4.091667175292969,4.091667175292969,4.091667175292969,4.091667175292969,1.0,1.0,,1.0,1.0,1.0,1.0,1.0
f3590aed-7f97-4b34-8650-9985a3b9eb05,0.05,1.0,2.4246575832366943,,2.4246575832366943,2.4246575832366943,2.4246575832366943,2.4246575832366943,2.4246575832366943,1.0,0.028555139899253845,,0.028555139899253845,0.028555139899253845,0.028555139899253845,0.028555139899253845,0.028555139899253845,1.0,4.999999969612645e-09,,4.999999969612645e-09,4.999999969612645e-09,4.999999969612645e-09,4.999999969612645e-09,4.999999969612645e-09
