,query_uuid,sigma,proximity,geometric_instability,intervention_instability
0,0a81e2b7-0459-4f7a-82f4-0b388da437aa,0.05,2.4246575832366943,0.028555139899253845,4.999999969612645e-09
1,b293b441-b0f9-49fd-aaf6-c9e100eba2b1,0.05,2.0,4.091667175292969,1.0
