,,proximity,proximity,proximity,proximity,proximity,proximity,proximity,proximity,geometric_instability,geometric_instability,geometric_instability,geometric_instability,geometric_instability,geometric_instability,geometric_instability,geometric_instability,intervention_instability,intervention_instability,intervention_instability,intervention_instability,intervention_instability,intervention_instability,intervention_instability,intervention_instability
,,count,mean,std,min,25%,50%,75%,max,count,mean,std,min,25%,50%,75%,max,count,mean,std,min,25%,50%,75%,max
query_uuid,sigma,,,,,,,,,,,,,,,,,,,,,,,,
0a81e2b7-0459-4f7a-82f4-0b388da437aa,0.05,1.0,2.4246575832366943,,2.4246575832366943,2.4246575832366943,2.4246575832366943,2.4246575832366943,2.4246575832366943,1.0,0.028555139899253845,,0.028555139899253845,0.028555139899253845,0.028555139899253845,0.028555139899253845,0.028555139899253845,1.0,4.999999969612645e-09,,4.999999969612645e-09,4.999999969612645e-09,4.999999969612645e-09,4.999999969612645e-09,4.999999969612645e-09
b293b441-b0f9-49fd-aaf6-c9e100eba2b1,0.05,1.0,2.0,,2.0,2.0,2.0,2.0,2.0,1.0,4.091667175292969,,4.091667175292969,4.091667175292969,4.091667175292969,4.091667175292969,4.091667175292969,1.0,1.0,,1.0,1.0,1.0,1.0,1.0
