,,proximity,proximity,proximity,proximity,proximity,proximity,proximity,proximity,geometric_instability,geometric_instability,geometric_instability,geometric_instability,geometric_instability,geometric_instability,geometric_instability,geometric_instability,intervention_instability,intervention_instability,intervention_instability,intervention_instability,intervention_instability,intervention_instability,intervention_instability,intervention_instability
,,count,mean,std,min,25%,50%,75%,max,count,mean,std,min,25%,50%,75%,max,count,mean,std,min,25%,50%,75%,max
query_uuid,sigma,,,,,,,,,,,,,,,,,,,,,,,,
ada98dcc-22ed-468e-9488-7a841f6ad543,0.05,1.0,0.10526315867900848,,0.10526315867900848,0.10526315867900848,0.10526315867900848,0.10526315867900848,0.10526315867900848,1.0,0.06682158261537552,,0.06682158261537552,0.06682158261537552,0.06682158261537552,0.06682158261537552,0.06682158261537552,1.0,9.99999993922529e-09,,9.99999993922529e-09,9.99999993922529e-09,9.99999993922529e-09,9.99999993922529e-09,9.99999993922529e-09
c882a086-4109-4245-acf3-d58a2f4e2e61,0.05,1.0,0.04244482144713402,,0.04244482144713402,0.04244482144713402,0.04244482144713402,0.04244482144713402,0.04244482144713402,1.0,0.06304416805505753,,0.06304416805505753,0.06304416805505753,0.06304416805505753,0.06304416805505753,0.06304416805505753,1.0,0.0,,0.0,0.0,0.0,0.0,0.0
