,sigma,proximity,geometric_instability,intervention_instability
0,0.05,0.5192824006080627,0.511076346039772,0.3750000223517418
