,sigma,proximity,geometric_instability,intervention_instability
0,0.05,3.1607141494750977,0.16571460664272308,6.666666552135325e-09
