,,proximity,proximity,proximity,proximity,proximity,proximity,proximity,proximity,geometric_instability,geometric_instability,geometric_instability,geometric_instability,geometric_instability,geometric_instability,geometric_instability,geometric_instability,intervention_instability,intervention_instability,intervention_instability,intervention_instability,intervention_instability,intervention_instability,intervention_instability,intervention_instability
,,count,mean,std,min,25%,50%,75%,max,count,mean,std,min,25%,50%,75%,max,count,mean,std,min,25%,50%,75%,max
query_uuid,sigma,,,,,,,,,,,,,,,,,,,,,,,,
2067c7e1-6ab2-4af0-8883-5007fa3225de,0.05,1.0,2.0,,2.0,2.0,2.0,2.0,2.0,1.0,0.1886810064315796,,0.1886810064315796,0.1886810064315796,0.1886810064315796,0.1886810064315796,0.1886810064315796,1.0,9.99999993922529e-09,,9.99999993922529e-09,9.99999993922529e-09,9.99999993922529e-09,9.99999993922529e-09,9.99999993922529e-09
7a52f5fd-609e-432c-963f-390736dc120d,0.05,1.0,4.321428298950195,,4.321428298950195,4.321428298950195,4.321428298950195,4.321428298950195,4.321428298950195,1.0,0.14274820685386658,,0.14274820685386658,0.14274820685386658,0.14274820685386658,0.14274820685386658,0.14274820685386658,1.0,3.33333316504536e-09,,3.33333316504536e-09,3.33333316504536e-09,3.33333316504536e-09,3.33333316504536e-09,3.33333316504536e-09
