,query_uuid,sigma,proximity,geometric_instability,intervention_instability
0,5de373e1-de83-4950-837d-203970b4d18d,0.05,2.0,2.1696765422821045,0.25
1,a09d34be-956d-419e-9606-562fd9badbbd,0.05,2.0,0.11525262892246246,9.99999993922529e-09
