query_uuid,cf_index,sigma,proximity,geometric_instability,intervention_instability,is_pareto_optimal
5bab4ba4-f360-48e7-969d-dc1d2a73845f,0,0.05,10.589739799499512,2.0000052452087402,1.4285713723083404e-09,True
5bab4ba4-f360-48e7-969d-dc1d2a73845f,1,0.05,12.589739799499512,4.000003814697266,0.0625,False
5bab4ba4-f360-48e7-969d-dc1d2a73845f,2,0.05,12.589739799499512,4.000003814697266,0.0625,False
5bab4ba4-f360-48e7-969d-dc1d2a73845f,3,0.05,10.589738845825195,5.000004768371582,0.1875,True
2ac0f02d-d809-4eb6-a497-83105bcb8084,0,0.05,9.128180503845215,2.1381680965423584,1.6666666935449825e-09,False
2ac0f02d-d809-4eb6-a497-83105bcb8084,1,0.05,8.959867477416992,2.0235180854797363,1.6666666935449825e-09,True
2ac0f02d-d809-4eb6-a497-83105bcb8084,2,0.05,8.777318954467773,2.159165859222412,1.6666666935449825e-09,True
2ac0f02d-d809-4eb6-a497-83105bcb8084,3,0.05,9.189207077026367,3.2101926803588867,1.6666666935449825e-09,False
2ac0f02d-d809-4eb6-a497-83105bcb8084,4,0.05,9.191349029541016,4.212335586547852,1.6666666935449825e-09,False
