query_uuid,cf_index,sigma,proximity,geometric_instability,intervention_instability,is_pareto_optimal,sex,age,priors_count,race,c_charge_degree
1f21371d-85fc-481e-bbfa-9285f9a0ffdc,0,0.05,3.344649076461792,1.7292729808104923e-06,3.33333316504536e-09,True,Female,18.000070124822393,37.99993147009245,Caucasian,F
1f21371d-85fc-481e-bbfa-9285f9a0ffdc,1,0.05,3.3446428775787354,2.892849806812592e-06,3.33333316504536e-09,True,Female,18.000560600834387,37.99999674048323,Caucasian,F
1f21371d-85fc-481e-bbfa-9285f9a0ffdc,2,0.05,2.9736838340759277,0.3709603548049927,0.3333333432674408,True,Female,41.000000000009415,37.99998826138663,Caucasian,F
1f21371d-85fc-481e-bbfa-9285f9a0ffdc,4,0.05,3.2693305015563965,0.07531440258026123,3.33333316504536e-09,True,Female,22.669937434188743,37.99999949478903,Caucasian,F
aa537546-9a22-431e-8267-649e4943ec91,0,0.05,3.1451523303985596,5.978910446166992,0.6000000238418579,True,Female,18.000552175980708,37.99999891969862,Caucasian,F
