query_uuid,cf_index,sigma,proximity,geometric_instability,intervention_instability,is_pareto_optimal
1f21371d-85fc-481e-bbfa-9285f9a0ffdc,0,0.05,3.344649076461792,1.7292729808104923e-06,3.33333316504536e-09,True
1f21371d-85fc-481e-bbfa-9285f9a0ffdc,1,0.05,3.3446428775787354,2.892849806812592e-06,3.33333316504536e-09,True
1f21371d-85fc-481e-bbfa-9285f9a0ffdc,2,0.05,2.9736838340759277,0.3709603548049927,0.3333333432674408,True
1f21371d-85fc-481e-bbfa-9285f9a0ffdc,3,0.05,3.344644546508789,2.9524544515879825e-06,3.33333316504536e-09,False
1f21371d-85fc-481e-bbfa-9285f9a0ffdc,4,0.05,3.2693305015563965,0.07531440258026123,3.33333316504536e-09,True
aa537546-9a22-431e-8267-649e4943ec91,0,0.05,3.1451523303985596,5.978910446166992,0.6000000238418579,True
aa537546-9a22-431e-8267-649e4943ec91,1,0.05,3.145158052444458,5.978916168212891,0.6000000238418579,False
aa537546-9a22-431e-8267-649e4943ec91,2,0.05,3.145159959793091,5.978918075561523,0.6000000238418579,False
