query_uuid,cf_index,sigma,proximity,geometric_instability,intervention_instability,is_pareto_optimal
24d349f7-1b38-475e-8f9e-e108418e305b,0,0.05,7.35292911529541,1.2263054847717285,1.6666666935449825e-09,True
24d349f7-1b38-475e-8f9e-e108418e305b,1,0.05,9.267548561096191,4.444491386413574,0.1428571492433548,False
24d349f7-1b38-475e-8f9e-e108418e305b,2,0.05,7.543715953826904,2.3769586086273193,0.1666666716337204,False
752782c0-e2ac-4af1-9d14-04766cad3671,0,0.05,7.619492053985596,3.5058579444885254,0.1666666716337204,True
752782c0-e2ac-4af1-9d14-04766cad3671,1,0.05,9.905582427978516,4.195583343505859,0.1428571492433548,True
752782c0-e2ac-4af1-9d14-04766cad3671,2,0.05,9.868753433227539,4.211766242980957,0.1428571492433548,True
752782c0-e2ac-4af1-9d14-04766cad3671,3,0.05,4.884215354919434,5.47816801071167,0.5,True
752782c0-e2ac-4af1-9d14-04766cad3671,4,0.05,4.7943267822265625,5.568226337432861,0.3333333432674408,True
