query_uuid,cf_index,sigma,proximity,geometric_instability,intervention_instability,is_pareto_optimal,employment_years,num_open_credit_acc,annual_income,loan_grade,credit_history,purpose,home,addr_state
24d349f7-1b38-475e-8f9e-e108418e305b,0,0.05,7.35292911529541,1.2263054847717285,1.6666666935449825e-09,True,0.0437006279937011,3.199500088063763,4788.513781669705,D,56.621105344001144,educational,RENT,ID
752782c0-e2ac-4af1-9d14-04766cad3671,0,0.05,7.619492053985596,3.5058579444885254,0.1666666716337204,True,4.119668433300117,43.15913898897858,4086.632892767447,G,56.842614769151155,purchase,OTHER,NE
752782c0-e2ac-4af1-9d14-04766cad3671,1,0.05,9.905582427978516,4.195583343505859,0.1428571492433548,True,0.1018977160631813,43.45049699527114,4222.268323800754,G,50.21057181244031,small_business,OTHER,NE
752782c0-e2ac-4af1-9d14-04766cad3671,2,0.05,9.868753433227539,4.211766242980957,0.1428571492433548,True,0.05768493772866,42.39766939060592,4222.608246457058,G,49.3350638037468,small_business,OTHER,NE
752782c0-e2ac-4af1-9d14-04766cad3671,3,0.05,4.884215354919434,5.47816801071167,0.5,True,4.009050282001764,13.636712508655746,4895.567711344981,B,54.504619349418526,purchase,MORTGAGE,NE
752782c0-e2ac-4af1-9d14-04766cad3671,4,0.05,4.7943267822265625,5.568226337432861,0.3333333432674408,True,5.000850118009604,14.019832902918944,4895.567711344981,B,54.504619349418526,purchase,MORTGAGE,NE
