employment_years,num_open_credit_acc,annual_income,loan_grade,credit_history,purpose,home,addr_state,query_id
4.362825870513916,14.907510757446287,4080.0,G,16.54604148864746,purchase,MORTGAGE,PA,ef286d52-11db-4b52-ba5b-5ec405768bbc
4.362825870513916,14.907510757446287,4080.0,G,16.54604148864746,purchase,MORTGAGE,PA,8ed7a725-2cf6-4695-ab3f-0aa7e5b593c9
4.362825870513916,14.907510757446289,4080.0,G,16.54604148864746,purchase,MORTGAGE,PA,931ee7ba-9661-4b7b-b672-4b419fb52776
