employment_years,num_open_credit_acc,annual_income,credit_history,addr_state,home,loan_grade,purpose,query_id
3.0903192,13.984581,7250.1616,16.527151,FL,RENT,C,purchase,b6a3e062-bb74-4bc9-aca4-c4346566265a
3.015814,12.186674,4080.0,12.678135,FL,RENT,C,debt,b6a3e062-bb74-4bc9-aca4-c4346566265a
3.14472,12.597393,142006.44,14.595663,FL,RENT,C,purchase,b6a3e062-bb74-4bc9-aca4-c4346566265a
5.1544666,13.135284,175633.22,17.935993,PA,MORTGAGE,F,purchase,2efd722d-498a-4f9e-a27d-df0893db53b3
4.5166163,11.914425,89271.98,17.415657,PA,MORTGAGE,F,purchase,2efd722d-498a-4f9e-a27d-df0893db53b3
5.0247126,12.581346,37856.867,15.583937,PA,MORTGAGE,F,purchase,2efd722d-498a-4f9e-a27d-df0893db53b3
