age,priors_count,c_charge_degree,race,sex,query_id
37.951782,3.404552,F,Caucasian,Male,8778fe6b-ce4b-437a-93a1-e7b1dff97942
37.444096,0.0,F,Caucasian,Male,8778fe6b-ce4b-437a-93a1-e7b1dff97942
39.61181,0.0,F,Caucasian,Male,8778fe6b-ce4b-437a-93a1-e7b1dff97942
32.0822,0.0,F,Caucasian,Male,86b93e4f-5401-44a8-9b72-b3c7059be8c8
25.9016,1.0618585,F,Caucasian,Male,86b93e4f-5401-44a8-9b72-b3c7059be8c8
27.720324,2.9673605,F,Caucasian,Male,86b93e4f-5401-44a8-9b72-b3c7059be8c8
38.9661,0.0,F,Caucasian,Female,86c0e1ad-c70a-48f8-a201-d1744177e952
33.602093,2.6698458,M,Caucasian,Female,86c0e1ad-c70a-48f8-a201-d1744177e952
43.22064,0.0,M,Caucasian,Female,86c0e1ad-c70a-48f8-a201-d1744177e952
