limit_bal,sex,education,marriage,age,pay_0,pay_2,pay_3,pay_4,pay_5,pay_6,bill_amt1,bill_amt2,bill_amt3,bill_amt4,bill_amt5,bill_amt6,pay_amt1,pay_amt2,pay_amt3,pay_amt4,pay_amt5,pay_amt6,query_id
16549.2734375,Male,University,Single,46.55147933959961,2.0,-1.2068930864334106,-1.0192136764526367,-0.0430994927883148,0.1689222753047943,0.0625281333923339,-41525.02734375,9043.0,35545.77734375,-43259.12890625,15942.96484375,-85793.546875,1145.0,0.0,0.0,0.0,0.0,17045.693359375,1bde6d8b-c5cb-426e-8e8d-5212c3baae06
15833.21484375,Male,University,Single,45.37911605834961,2.0,-0.9561583995819092,-0.518742024898529,0.0,-0.2859095931053161,0.974539041519165,-22485.0390625,6288.17236328125,66301.8515625,-35642.91015625,-10287.0234375,10770.787109375,64310.70703125,12861.2744140625,58450.1875,0.0,0.0,0.0,1bde6d8b-c5cb-426e-8e8d-5212c3baae06
10000.0,Male,Graduate,Married,30.739229202270508,2.0,-1.7573667764663696,-1.9923627376556396,-2.0,-1.1088460683822632,-1.2975530624389648,6768.26123046875,-20306.212890625,37124.95703125,46675.48828125,-3783.65673828125,-137623.90625,0.0,0.0,0.0,0.0,21721.998046875,0.0,18a8fa41-8246-4e8c-9b32-d88ebb742fc6
10000.0,Male,Graduate,Married,31.211652755737305,2.0,-0.9443594217300415,-1.0,-1.587762713432312,-1.2670347690582275,-1.0005043745040894,-32996.42578125,1000.0,14037.1826171875,57501.74609375,-81334.0,0.0,0.0,0.0,35767.546875,58654.140625,24350.455078125,0.0,18a8fa41-8246-4e8c-9b32-d88ebb742fc6
