limit_bal,age,pay_0,pay_2,pay_3,pay_4,pay_5,pay_6,bill_amt1,bill_amt2,bill_amt3,bill_amt4,bill_amt5,bill_amt6,pay_amt1,pay_amt2,pay_amt3,pay_amt4,pay_amt5,pay_amt6,education,marriage,sex,query_id
16549.273,46.55148,-1.0132381,-1.2068931,-1.0192137,-0.043099493,0.16892228,0.06252813,-41525.027,-36665.15,35545.777,-43259.13,15942.965,-85793.55,104759.79,0.0,0.0,0.0,0.0,17045.693,University,Single,Male,1bde6d8b-c5cb-426e-8e8d-5212c3baae06
15833.215,45.379116,-2.0,-0.9561584,-0.518742,-0.86028093,-0.2859096,0.97453904,-22485.04,6288.1724,66301.85,-35642.91,-10287.023,10770.787,64310.707,12861.274,58450.188,0.0,0.0,0.0,University,Single,Male,1bde6d8b-c5cb-426e-8e8d-5212c3baae06
134695.48,30.73923,-0.22903737,-1.7573668,-1.9923627,-2.0,-1.1088461,-1.2975531,6768.261,-20306.213,37124.957,46675.49,-3783.6567,-137623.9,0.0,86945.53,0.0,0.0,21721.998,32395.873,Graduate,Married,Male,18a8fa41-8246-4e8c-9b32-d88ebb742fc6
174448.23,31.211653,-0.8882049,-0.9443594,-2.0,-1.5877627,-1.2670348,-1.0005044,-32996.426,-69777.0,14037.183,57501.746,-81334.0,90437.68,0.0,50099.594,35767.547,58654.14,24350.455,31841.195,Graduate,Married,Male,18a8fa41-8246-4e8c-9b32-d88ebb742fc6
