query_uuid,cf_index,sigma,proximity,geometric_instability,intervention_instability,is_pareto_optimal,sex,age,priors_count,race,c_charge_degree,twoyearrecid
721fff41-affb-4e84-825d-8a0b70e27592,0,0.05,2.259337902069092,0.06362481415271759,3.33333316504536e-09,True,Female,32.1,5.4,Caucasian,F,0.719
721fff41-affb-4e84-825d-8a0b70e27592,1,0.05,0.3278438150882721,0.04011039435863495,9.99999993922529e-09,True,Male,39.6,12.6,Caucasian,F,0.762
aca9c13c-91a1-41dc-8491-0075b46b9640,0,0.05,2.2135822772979736,0.011842116713523865,0.25,True,Female,18.0,2.6,Caucasian,F,0.731
aca9c13c-91a1-41dc-8491-0075b46b9640,1,0.05,0.23047538101673126,0.0637945681810379,0.25,True,Male,25.6,7.9,Caucasian,F,0.721
