query_uuid,cf_index,sigma,proximity,geometric_instability,intervention_instability,is_pareto_optimal
721fff41-affb-4e84-825d-8a0b70e27592,0,0.05,2.259337902069092,0.06362481415271759,3.33333316504536e-09,True
721fff41-affb-4e84-825d-8a0b70e27592,1,0.05,0.3278438150882721,0.04011039435863495,9.99999993922529e-09,True
aca9c13c-91a1-41dc-8491-0075b46b9640,0,0.05,2.2135822772979736,0.011842116713523865,0.25,True
aca9c13c-91a1-41dc-8491-0075b46b9640,1,0.05,0.23047538101673126,0.0637945681810379,0.25,True
