query_uuid,cf_index,sigma,proximity,geometric_instability,intervention_instability,is_pareto_optimal
63a809f4-31fd-409d-8321-32765d2482b4,0,0.05,10.020984649658203,5.612682342529297,0.5777778029441833,True
63a809f4-31fd-409d-8321-32765d2482b4,1,0.05,10.417142868041992,4.471748352050781,0.40909093618392944,True
392a5495-11fd-461c-b4f0-37e734b84133,0,0.05,4.001021385192871,3.9148898124694824,0.8166666626930237,True
392a5495-11fd-461c-b4f0-37e734b84133,1,0.05,5.666858196258545,4.915623664855957,0.5714285969734192,True
