query_uuid,cf_index,sigma,proximity,geometric_instability,intervention_instability,is_pareto_optimal
07596d6e-236f-414b-a62b-a75d4201c647,0,0.05,2.395191192626953,0.35280391573905945,0.2666666805744171,True
07596d6e-236f-414b-a62b-a75d4201c647,1,0.05,2.4348740577697754,0.7204404473304749,0.3333333432674408,False
cec1293f-20a7-431b-86af-12b1cbd0de88,0,0.05,2.4198060035705566,0.9755975008010864,0.44999998807907104,False
cec1293f-20a7-431b-86af-12b1cbd0de88,1,0.05,2.159165859222412,0.9471462965011597,0.4107142984867096,True
