query_uuid,cf_index,sigma,proximity,geometric_instability,intervention_instability,is_pareto_optimal,employment_years,num_open_credit_acc,annual_income,loan_grade,credit_history,purpose,home,addr_state,loan_status
6dd75045-a27f-4149-97b1-21f66ad8a33c,0,0.05,4.015806198120117,0.46154510974884033,0.30000001192092896,True,3,14,85573.6,C,14.6,purchase,MORTGAGE,ID,0.11
6dd75045-a27f-4149-97b1-21f66ad8a33c,1,0.05,0.5305908918380737,4.400590896606445,0.6000000238418579,True,4,14,66838.8,C,37.3,purchase,RENT,FL,0.476
b1081d7f-be66-4d74-8153-bf1e92f4b62b,0,0.05,4.671271324157715,0.13886214792728424,0.22499999403953552,True,10,8,8405.2,F,14.7,purchase,RENT,VT,0.176
b1081d7f-be66-4d74-8153-bf1e92f4b62b,1,0.05,2.4114274978637695,1.5901949405670166,0.4166666865348816,True,1,12,159285.3,F,16.1,purchase,MORTGAGE,ID,0.244
