sex,age,priors_count,race,c_charge_degree,query_id
Female,27.15971946716309,0.2121464610099792,Caucasian,F,4f9f8023-7915-4678-83f2-45e321d5f2ea
Male,27.15971946716309,0.2121464610099792,African-American,F,4f9f8023-7915-4678-83f2-45e321d5f2ea
Female,32.01902389526367,1.047615885734558,Caucasian,F,4f9f8023-7915-4678-83f2-45e321d5f2ea
