,query_uuid,sigma,proximity,geometric_instability,intervention_instability
0,581debd9-1fb8-4179-83b7-81a8db9cd9ee,0.05,2.0,2.258333742618561,0.37500000166666664
1,c523ab4d-aded-4049-8740-1a5c5ce76ee0,0.05,6.666666666666667,2.375718434651693,0.10000000619586509
