,,proximity,proximity,proximity,proximity,proximity,proximity,proximity,proximity,geometric_instability,geometric_instability,geometric_instability,geometric_instability,geometric_instability,geometric_instability,geometric_instability,geometric_instability,intervention_instability,intervention_instability,intervention_instability,intervention_instability,intervention_instability,intervention_instability,intervention_instability,intervention_instability
,,count,mean,std,min,25%,50%,75%,max,count,mean,std,min,25%,50%,75%,max,count,mean,std,min,25%,50%,75%,max
query_uuid,sigma,,,,,,,,,,,,,,,,,,,,,,,,
581debd9-1fb8-4179-83b7-81a8db9cd9ee,0.05,6.0,2.0,0.0,2.0,2.0,2.0,2.0,2.0,6.0,2.258333742618561,0.752772647430414,1.0916670560836792,2.0916669964790344,2.0916671752929688,2.8416669964790344,3.0916671752929688,6.0,0.37500000166666664,0.20916500304783311,9.99999993922529e-09,0.3125,0.5,0.5,0.5
c523ab4d-aded-4049-8740-1a5c5ce76ee0,0.05,3.0,6.666666666666667,1.1547005383792517,6.0,6.0,6.0,7.0,8.0,3.0,2.375718434651693,1.5253235012270383,1.0437304973602295,1.5437304973602295,2.0437304973602295,3.0417124032974243,4.039694309234619,3.0,0.10000000619586509,0.17320508571493848,3.33333316504536e-09,3.33333316504536e-09,3.33333316504536e-09,0.15000000762713106,0.30000001192092896
