,query_uuid,sigma,proximity,geometric_instability,intervention_instability
0,581debd9-1fb8-4179-83b7-81a8db9cd9ee,0.05,2.0,1.591667115688324,0.12500000499999997
1,c523ab4d-aded-4049-8740-1a5c5ce76ee0,0.05,6.0,1.0437304973602295,3.33333316504536e-09
