,query_uuid,sigma,proximity,geometric_instability,intervention_instability
0,4e81b0b7-358c-4b97-aa79-2d37b5ba7977,0.05,4.8,3.1593307197093963,0.26333333453860475
1,5fb4e0fe-ddbe-4e6b-88d6-460f14a09bd9,0.05,2.0,1.1886809468269348,0.25000000499999997
