,dataset,sigma,proximity,geometric_instability,intervention_instability
0,german,0.03,2.2461730821633044,1.3890325359632203,0.33751911366627657
1,german,0.05,2.2461730821633044,1.3767499979631401,0.3334724754243442
2,german,0.07,2.2461730821633044,1.6776845453697957,0.39175780051528414
