,,proximity,proximity,proximity,proximity,proximity,proximity,proximity,proximity,geometric_instability,geometric_instability,geometric_instability,geometric_instability,geometric_instability,geometric_instability,geometric_instability,geometric_instability,intervention_instability,intervention_instability,intervention_instability,intervention_instability,intervention_instability,intervention_instability,intervention_instability,intervention_instability
,,count,mean,std,min,25%,50%,75%,max,count,mean,std,min,25%,50%,75%,max,count,mean,std,min,25%,50%,75%,max
query_uuid,sigma,,,,,,,,,,,,,,,,,,,,,,,,
4e81b0b7-358c-4b97-aa79-2d37b5ba7977,0.05,5.0,4.8,1.7888543819998322,4.0,4.0,4.0,4.0,8.0,5.0,3.1593307197093963,3.0822068346916494,0.159330815076828,1.1593307256698608,3.1593308448791504,3.1593308448791504,8.159330368041992,5.0,0.26333333453860475,0.2729468716972136,4.999999969612645e-09,4.999999969612645e-09,0.3333333432674408,0.3333333432674408,0.6499999761581421
5fb4e0fe-ddbe-4e6b-88d6-460f14a09bd9,0.05,2.0,2.0,0.0,2.0,2.0,2.0,2.0,2.0,2.0,1.1886809468269348,1.414213478079398,0.1886810064315796,0.6886809766292572,1.1886809468269348,1.6886809170246124,2.18868088722229,2.0,0.25000000499999997,0.353553383522206,9.99999993922529e-09,0.12500000749999995,0.25000000499999997,0.3750000025,0.5
