,query_uuid,sigma,proximity,geometric_instability,intervention_instability
0,4e81b0b7-358c-4b97-aa79-2d37b5ba7977,0.05,4.0,0.159330815076828,4.999999969612645e-09
1,5fb4e0fe-ddbe-4e6b-88d6-460f14a09bd9,0.05,2.0,0.1886810064315796,9.99999993922529e-09
