query_uuid,cf_index,sigma,proximity,geometric_instability,intervention_instability,is_pareto_optimal
80d1b005-3811-489d-8fbc-4cb4f82b0edc,0,0.05,2.0,4.091667175292969,1.0,True
f3590aed-7f97-4b34-8650-9985a3b9eb05,0,0.05,2.4246575832366943,0.028555139899253845,4.999999969612645e-09,True
