query_uuid,cf_index,sigma,proximity,geometric_instability,intervention_instability,is_pareto_optimal
2067c7e1-6ab2-4af0-8883-5007fa3225de,0,0.05,2.0,0.1886810064315796,9.99999993922529e-09,True
7a52f5fd-609e-432c-963f-390736dc120d,0,0.05,4.321428298950195,0.14274820685386658,3.33333316504536e-09,True
